doi;cluster
10.14529/jsfi140201;0
10.14529/jsfi140202;0
10.14529/jsfi140203;0
10.14529/jsfi140204;3
10.14529/jsfi140205;0
10.14529/jsfi140101;0
10.14529/jsfi140105;0
10.14529/jsfi140103;0
10.14529/jsfi140207;0
